singer_name,photo_url,singer_styles,date,n_songs
Mc Daleste,https://www.vagalume.com.br/mc-daleste/images/mc-daleste.jpg,"['Funk Carioca', 'Rap', 'Funk']",2009-07-01,114
Mr. Catra,https://www.vagalume.com.br/mr-catra/images/mr-catra.jpg,"['Funk Carioca', 'Axé', 'Romântico']",2003-06-01,98
MC Marcinho,https://www.vagalume.com.br/mc-marcinho/images/mc-marcinho.jpg,"['Funk Carioca', 'Rap', 'Funk']",2003-06-01,95
Mc Livinho,https://www.vagalume.com.br/mc-livinho/images/mc-livinho.jpg,"['Funk Carioca', 'Funk', 'Electronica']",2012-12-01,83
Os Hawaianos,https://www.vagalume.com.br/os-hawaianos/images/os-hawaianos.jpg,"['Funk Carioca', 'Pagode', 'Electronica']",2006-08-01,79
Mc Marcelly,https://www.vagalume.com.br/mc-marcelly/images/mc-marcelly.jpg,"['Funk Carioca', 'Sertanejo', 'Axé']",2007-10-01,76
Claudinho & Buchecha,https://www.vagalume.com.br/claudinho-buchecha/images/claudinho-buchecha.jpg,"['Funk Carioca', 'Pop', 'Romântico']",2003-06-01,74
DJ Marlboro,https://www.vagalume.com.br/dj-marlboro/images/dj-marlboro.jpg,"['Funk Carioca', 'Pop', 'Electronica']",2003-06-01,70
Perlla,https://www.vagalume.com.br/perlla/images/perlla.jpg,"['Gospel/Religioso', 'Funk Carioca', 'Pop']",2009-04-01,70
Mc Duduzinho,https://www.vagalume.com.br/mc-duduzinho/images/mc-duduzinho.jpg,"['Funk Carioca', 'Pagode', 'Romântico']",2008-06-01,65
Mc Lon,https://www.vagalume.com.br/mc-lon/images/mc-lon.jpg,"['Funk Carioca', 'Sertanejo', 'Funk']",2010-07-01,65
Naldo,https://www.vagalume.com.br/naldo/images/naldo.jpg,"['Funk Carioca', 'Pop', 'Romântico']",2006-07-01,63
Buchecha,https://www.vagalume.com.br/buchecha/images/buchecha.jpg,"['Funk Carioca', 'Romântico', 'Funk']",2004-06-01,63
Menor do Chapa,https://www.vagalume.com.br/menor-do-chapa/images/menor-do-chapa.jpg,"['Funk Carioca', 'Rap', 'Funk']",2004-10-01,61
Gaiola Das Popozudas,https://www.vagalume.com.br/gaiola-das-popozudas/images/gaiola-das-popozudas.jpg,"['Funk Carioca', 'Dance', 'Electronica']",2004-10-01,60
Furacão 2000,https://www.vagalume.com.br/furacao-2000/images/furacao-2000.jpg,"['Funk Carioca', 'Axé', 'Hip Hop']",2003-06-01,57
MC Guimê,https://www.vagalume.com.br/mc-guime/images/mc-guime.jpg,"['Funk Carioca', 'Funk', 'Rap']",2011-03-01,56
Ludmilla,https://www.vagalume.com.br/ludmilla/images/ludmilla.jpg,"['Funk Carioca', 'Hip Hop', 'Pop']",2012-07-01,53
MC Hariel,https://www.vagalume.com.br/mc-hariel/images/mc-hariel.jpg,['Funk Carioca'],2016-01-01,49
Mc Dedé,https://www.vagalume.com.br/mc-dede/images/mc-dede.jpg,"['Funk Carioca', 'Electronica', 'Sertanejo']",2006-05-01,49
Mc Kelvinho,https://www.vagalume.com.br/mc-kelvinho/images/mc-kelvinho.jpg,"['Funk Carioca', 'Funk', 'Electronica']",2011-07-01,49
Bonde do Tigrão,https://www.vagalume.com.br/bonde-do-tigrao/images/bonde-do-tigrao.jpg,"['Funk Carioca', 'Dance', 'Electronica']",2003-06-01,48
Mc Katia,https://www.vagalume.com.br/mc-katia/images/mc-katia.jpg,"['Funk Carioca', 'Funk', 'Hip Hop']",2004-12-01,48
Tati Quebra Barraco,https://www.vagalume.com.br/tati-quebra-barraco/images/tati-quebra-barraco.jpg,"['Funk Carioca', 'Funk', 'Hip Hop']",2004-06-01,47
MC Sabrina,https://www.vagalume.com.br/mc-sabrina/images/mc-sabrina.jpg,"['Funk Carioca', 'Pagode', 'Hip Hop']",2003-06-01,47
Mc Frank,https://www.vagalume.com.br/mc-frank/images/mc-frank.jpg,"['Funk Carioca', 'Hip Hop', 'Rap']",2004-11-01,46
Max Rocha,https://www.vagalume.com.br/max-rocha/images/max-rocha.jpg,"['Forró', 'Funk Carioca', 'Sertanejo']",2017-03-01,44
Bonde do Rolê,https://www.vagalume.com.br/bonde-do-role/images/bonde-do-role.jpg,"['Funk Carioca', 'Tecnopop', 'Indie']",2006-03-01,43
MC Leozinho,https://www.vagalume.com.br/mc-leozinho/images/mc-leozinho.jpg,"['Funk Carioca', 'Pop', 'Funk']",2005-04-01,42
Mc Smith,https://www.vagalume.com.br/mc-smith/images/mc-smith.jpg,"['Funk Carioca', 'Rap', 'Funk']",2008-05-01,42
Pikeno e Menor,https://www.vagalume.com.br/pikeno-e-menor/images/pikeno-e-menor.jpg,"['Funk Carioca', 'Rap', 'Funk']",2008-04-01,41
Mc Neguinho do Kaxeta,https://www.vagalume.com.br/mc-neguinho-do-kaxeta/images/mc-neguinho-do-kaxeta.jpg,"['Funk Carioca', 'Funk', 'World Music']",2012-05-01,40
Mc Rodolfinho,https://www.vagalume.com.br/mc-rodolfinho/images/mc-rodolfinho.jpg,"['Funk Carioca', 'Funk', 'Rap']",2010-08-01,39
Mc Felipe Boladão,https://www.vagalume.com.br/mc-felipe-boladao/images/mc-felipe-boladao.jpg,"['Funk Carioca', 'Rap', 'Funk']",2008-05-01,39
Mc K9,https://www.vagalume.com.br/mc-k9/images/mc-k9.jpg,"['Funk Carioca', 'Funk', 'Electronica']",2009-12-01,37
Ander-som Brasil,https://www.vagalume.com.br/ander-som-brasil/images/ander-som-brasil.jpg,"['Funk Carioca', 'Black Music', 'Axé']",2009-05-01,37
Mc Koringa,https://www.vagalume.com.br/mc-koringa/images/mc-koringa.jpg,"['Funk Carioca', 'Trilha Sonora', 'Dance']",2006-11-01,37
Mc Nego Blue,https://www.vagalume.com.br/mc-nego-blue/images/mc-nego-blue.jpg,"['Funk Carioca', 'Electronica', 'Pagode']",2010-09-01,35
Bonde do Vinho,https://www.vagalume.com.br/bonde-do-vinho/images/bonde-do-vinho.jpg,"['Funk Carioca', 'Pagode', 'Axé']",2004-04-01,35
MC Sapão,https://www.vagalume.com.br/sapao/images/sapao.jpg,"['Funk Carioca', 'Funk', 'Dance']",2003-06-01,34
Mc Pocahontas,https://www.vagalume.com.br/mc-pocahontas/images/mc-pocahontas.jpg,"['Funk Carioca', 'Funk', 'Sertanejo']",2011-07-01,34
Mc Luan,https://www.vagalume.com.br/mc-luan/images/mc-luan.jpg,"['Funk Carioca', 'Axé', 'Sertanejo']",2009-10-01,32
Mc Leozinho do Recife,https://www.vagalume.com.br/mc-leozinho-do-recife/images/mc-leozinho-do-recife.jpg,"['Funk Carioca', 'Rap', 'Axé']",2008-08-01,31
Cidinho e Doca,https://www.vagalume.com.br/mcs-cidinho-e-doca/images/mcs-cidinho-e-doca.jpg,"['Funk Carioca', 'Funk', 'Rap']",2004-04-01,31
Pancadão do Caldeirão do Huck,https://www.vagalume.com.br/pancadao-do-caldeirao-do-huck/images/pancadao-do-caldeirao-do-huck.jpg,"['Funk Carioca', 'Electronica', 'Hip Hop']",2006-11-01,30
Bonde Das Maravilhas,https://www.vagalume.com.br/bonde-das-maravilhas/images/bonde-das-maravilhas.jpg,"['Funk Carioca', 'Pagode', 'Dance']",2012-05-01,29
Mc Pekeno,https://www.vagalume.com.br/mc-pekeno/images/mc-pekeno.jpg,"['Funk Carioca', 'Funk', 'Rap']",2008-04-01,29
MC Tati Zaqui,https://www.vagalume.com.br/mc-tati-zaqui/images/mc-tati-zaqui.jpg,"['Funk Carioca', 'Funk', 'Sertanejo']",2014-01-01,29
Mc Magrinho,https://www.vagalume.com.br/mc-magrinho/images/mc-magrinho.jpg,"['Funk Carioca', 'Funk', 'Axé']",2012-05-01,29
Mc Gui,https://www.vagalume.com.br/mc-gui/images/mc-gui.jpg,"['Funk Carioca', 'Funk', 'Pop']",2012-10-01,27
David Bolado,https://www.vagalume.com.br/david-bolado/images/david-bolado.jpg,"['Funk Carioca', 'Funk', 'Axé']",2007-03-01,27
Mc Boy do Charme,https://www.vagalume.com.br/mc-boy-do-charme/images/mc-boy-do-charme.jpg,"['Funk Carioca', 'Rap', 'Funk']",2011-08-01,27
Mc Maiquinho,https://www.vagalume.com.br/mc-maiquinho/images/mc-maiquinho.jpg,"['Funk Carioca', 'Funk', 'Pagode']",2008-07-01,26
Mc Menorzinha,https://www.vagalume.com.br/mc-menorzinha/images/mc-menorzinha.jpg,"['Funk Carioca', 'Funk', 'Rap']",2008-05-01,25
MC Papo,https://www.vagalume.com.br/mc-papo/images/mc-papo.jpg,"['Funk Carioca', 'Hip Hop', 'Funk']",2007-10-01,25
Mc Kevinho,https://www.vagalume.com.br/mc-kevinho/images/mc-kevinho.jpg,"['Funk Carioca', 'Axé', 'Romântico']",2014-06-01,24
Os Magrinhos,https://www.vagalume.com.br/os-magrinhos/images/os-magrinhos.jpg,['Funk Carioca'],2006-07-01,24
MC Lan,https://www.vagalume.com.br/mc-lan/images/mc-lan.jpg,"['Funk Carioca', 'Funk', 'Rap']",2008-08-01,23
Mc Primo,https://www.vagalume.com.br/mc-primo/images/mc-primo.jpg,"['Funk Carioca', 'Funk', 'Rap']",2004-07-01,23
Mc Kauan,https://www.vagalume.com.br/mc-kauan/images/mc-kauan.jpg,"['Funk Carioca', 'Funk', 'Pop/Punk']",2008-04-01,23
Os Caçadores,https://www.vagalume.com.br/os-cacadores/images/os-cacadores.jpg,"['Funk Carioca', 'Funk', 'Axé']",2006-01-01,23
Mc Gil do Andarai,https://www.vagalume.com.br/mc-gil-do-andarai/images/mc-gil-do-andarai.jpg,"['Funk Carioca', 'Axé', 'MPB']",2006-03-01,22
Mc Roba Cena,https://www.vagalume.com.br/mc-roba-cena/images/mc-roba-cena.jpg,"['Funk Carioca', 'Funk', 'Hip Hop']",2008-03-01,22
Mc Careca,https://www.vagalume.com.br/mc-careca/images/mc-careca.jpg,"['Funk Carioca', 'Rap', 'Black Music']",2007-01-01,21
Mc Carol,https://www.vagalume.com.br/mc-carol/images/mc-carol.jpg,"['Funk Carioca', 'Pagode', 'Sertanejo']",2008-07-01,21
Robinho da Prata,https://www.vagalume.com.br/robinho-da-prata/images/robinho-da-prata.jpg,"['Funk Carioca', 'Funk', 'Folk']",2006-02-01,21
Naldo & Lula,https://www.vagalume.com.br/naldo-lula/images/naldo-lula.jpg,"['Funk Carioca', 'Romântico', 'Pop']",2003-06-01,21
Edu Gueda,https://www.vagalume.com.br/edu-gueda/images/edu-gueda.jpg,"['Pop', 'Funk Carioca', 'Sertanejo']",2016-03-01,21
Mc Max,https://www.vagalume.com.br/mc-max/images/mc-max.jpg,"['Funk Carioca', 'Funk', 'Gospel/Religioso']",2008-08-01,20
Bob Rum,https://www.vagalume.com.br/bob-rum/images/bob-rum.jpg,"['Funk Carioca', 'Funk', 'Rap']",2004-03-01,20
Duda do Marapé,https://www.vagalume.com.br/duda-do-marape/images/duda-do-marape.jpg,"['Funk Carioca', 'Electronica', 'Funk']",2006-03-01,20
MC Marcio G,https://www.vagalume.com.br/mc-marcio-g/images/mc-marcio-g.jpg,"['Funk Carioca', 'Funk', 'Romântico']",2005-04-01,20
Jaula Das Gostosudas,https://www.vagalume.com.br/jaula-das-gostosudas/images/jaula-das-gostosudas.jpg,"['Funk Carioca', 'Electronica', 'Funk']",2009-05-01,19
Jerry Smith,https://www.vagalume.com.br/jerry-smith/images/jerry-smith.jpg,['Funk Carioca'],2017-05-01,19
Mc Tikão,https://www.vagalume.com.br/mc-ticao/images/mc-ticao.jpg,"['Funk Carioca', 'Funk', 'Rap']",2006-11-01,19
Mc Wm,https://www.vagalume.com.br/mc-wm/images/mc-wm.jpg,['Funk Carioca'],2015-03-01,19
Max Pierre,https://www.vagalume.com.br/max-pierre/images/max-pierre.jpg,"['Funk Carioca', 'MPB', 'Pagode']",2009-07-01,19
Mc Romeu,https://www.vagalume.com.br/mc-romeu/images/mc-romeu.jpg,"['Funk Carioca', 'Romântico', 'Hip Hop']",2008-02-01,19
Mc Juninho,https://www.vagalume.com.br/mc-juninho/images/mc-juninho.jpg,"['Funk Carioca', 'Black Music', 'Axé']",2006-12-01,18
Mc Didô,https://www.vagalume.com.br/mc-dido/images/mc-dido.jpg,"['Funk Carioca', 'Funk', 'Pagode']",2006-04-01,18
Mc Jefinho,https://www.vagalume.com.br/mc-jefinho/images/mc-jefinho.jpg,"['Funk Carioca', 'Funk', 'Rap']",2006-06-01,18
Mc Byana,https://www.vagalume.com.br/mc-byana/images/mc-byana.jpg,"['Funk Carioca', 'Funk', 'Electronica']",2011-03-01,18
Andrezinho Shock,https://www.vagalume.com.br/andrezinho-shock/images/andrezinho-shock.jpg,"['Funk Carioca', 'Gospel/Religioso', 'Rap']",2009-12-01,18
Priscila Nocetti,https://www.vagalume.com.br/priscila-nocetti/images/priscila-nocetti.jpg,"['Funk Carioca', 'Funk', 'Romântico']",2006-01-01,17
Mc Pelé,https://www.vagalume.com.br/mc-pele/images/mc-pele.jpg,"['Funk Carioca', 'Axé', 'Sertanejo']",2006-07-01,17
MC Créu,https://www.vagalume.com.br/mc-creu-funk/images/mc-creu-funk.jpg,"['Funk Carioca', 'Electronica', 'Funk']",2007-10-01,17
Gustavo Santos,https://www.vagalume.com.br/gustavo-santos/images/gustavo-santos.jpg,"['Funk Carioca', 'Sertanejo']",2014-10-01,17
Mc Wc,https://www.vagalume.com.br/mc-wc/images/mc-wc.jpg,['Funk Carioca'],2009-01-01,16
Mc Orelha,https://www.vagalume.com.br/mc-orelha/images/mc-orelha.jpg,"['Funk Carioca', 'Funk', 'Rap']",2009-05-01,16
Mc G7,https://www.vagalume.com.br/mc-g7/images/mc-g7.jpg,"['Funk Carioca', 'Sertanejo', 'Metal']",2011-10-01,16
Mc Leoest,https://www.vagalume.com.br/mc-leoest/images/mc-leoest.jpg,"['Funk Carioca', 'Hip Hop']",2016-03-01,16
Neguinho do Caxeta,https://www.vagalume.com.br/neguinho-do-caxeta/images/neguinho-do-caxeta.jpg,"['Funk Carioca', 'Axé', 'Funk']",2006-05-01,16
Bonde da Oskley,https://www.vagalume.com.br/bonde-da-oskley/images/bonde-da-oskley.jpg,"['Funk Carioca', 'Funk', 'Axé']",2006-11-01,16
Mc Buiú,https://www.vagalume.com.br/mc-buiu/images/mc-buiu.jpg,"['Funk Carioca', 'Funk', 'Electronica']",2007-01-01,15
Mc Pet,https://www.vagalume.com.br/mc-pet/images/mc-pet.jpg,"['Funk Carioca', 'Funk', 'Electronica']",2012-04-01,15
Jonathan Costa,https://www.vagalume.com.br/jonathan-costa/images/jonathan-costa.jpg,"['Funk Carioca', 'Forró', 'Axé']",2008-01-01,15
MC Cacau,https://www.vagalume.com.br/mc-cacau/images/mc-cacau.jpg,"['Funk Carioca', 'Funk']",2004-07-01,15
Mc Gibi,https://www.vagalume.com.br/mc-gibi/images/mc-gibi.jpg,"['Funk Carioca', 'Funk', 'Axé']",2011-08-01,15
Mc Galo,https://www.vagalume.com.br/mc-galo/images/mc-galo.jpg,"['Funk Carioca', 'Funk', 'Axé']",2005-02-01,15
Bonde Tesão,https://www.vagalume.com.br/bonde-tesao/images/bonde-tesao.jpg,"['Funk Carioca', 'Electronica', 'Funk']",2007-01-01,15
Mc Fioti,https://www.vagalume.com.br/mc-fioti/images/mc-fioti.jpg,['Funk Carioca'],2012-11-01,15
Mc Clebinho,https://www.vagalume.com.br/mc-clebinho/images/mc-clebinho.jpg,['Funk Carioca'],2015-06-01,14
Gorila e Preto,https://www.vagalume.com.br/gorila-e-preto/images/gorila-e-preto.jpg,"['Funk Carioca', 'Gospel/Religioso', 'Hard Rock']",2006-11-01,14
Mc Bola,https://www.vagalume.com.br/mc-bola/images/mc-bola.jpg,"['Funk Carioca', 'Rap', 'Pagode']",2011-11-01,14
Mc G3,https://www.vagalume.com.br/mc-g3/images/mc-g3.jpg,"['Funk Carioca', 'Reggae', 'Funk']",2005-01-01,14
Juliana e As Fogosas,https://www.vagalume.com.br/juliana-e-as-fogosas/images/juliana-e-as-fogosas.jpg,"['Funk Carioca', 'Hip Hop']",2006-04-01,14
Warley Cruz,https://www.vagalume.com.br/warley-cruz/images/warley-cruz.jpg,"['Funk Carioca', 'Gospel/Religioso', 'Clássico']",2016-01-01,14
Tathi Kiss,https://www.vagalume.com.br/tathi-kiss/images/tathi-kiss.jpg,"['Funk Carioca', 'Romântico', 'Pagode']",2008-05-01,14
Mc Martinho,https://www.vagalume.com.br/mc-martinho/images/mc-martinho.jpg,"['Funk Carioca', 'Rap', 'Romântico']",2008-10-01,14
Mc Mascote,https://www.vagalume.com.br/mc-mascote/images/mc-mascote.jpg,"['Funk Carioca', 'Funk', 'Axé']",2005-04-01,14
Os Ousados,https://www.vagalume.com.br/os-ousados/images/os-ousados.jpg,"['Funk Carioca', 'Funk', 'Axé']",2006-07-01,13
MC Novinho,https://www.vagalume.com.br/mc-novinho/images/mc-novinho.jpg,"['Funk Carioca', 'Rock', 'Pop']",2010-03-01,13
Mc Ricardo,https://www.vagalume.com.br/mc-ricardo/images/mc-ricardo.jpg,"['Funk Carioca', 'Funk', 'Dance']",2006-01-01,13
Bola de Fogo,https://www.vagalume.com.br/bola-de-fogo/images/bola-de-fogo.jpg,"['Funk Carioca', 'Funk', 'Pop']",2004-04-01,13
Mc Tevez,https://www.vagalume.com.br/mc-tevez/images/mc-tevez.jpg,"['Funk Carioca', 'Funk', 'Electronica']",2008-05-01,13
Mulher Filé,https://www.vagalume.com.br/mulher-file/images/mulher-file.jpg,"['Funk Carioca', 'Electronica', 'Sertanejo']",2008-12-01,12
MC Cezareth,https://www.vagalume.com.br/mc-cezareth/images/mc-cezareth.jpg,"['Funk Carioca', 'Funk']",2006-10-01,12
Mr. Mu,https://www.vagalume.com.br/mr-mu/images/mr-mu.jpg,['Funk Carioca'],2011-11-01,12
Leandro e As Abusadas,https://www.vagalume.com.br/leandro-e-as-abusadas/images/leandro-e-as-abusadas.jpg,"['Funk Carioca', 'Axé', 'Pagode']",2008-07-01,12
MC G15,https://www.vagalume.com.br/mc-g15/images/mc-g15.jpg,"['Funk Carioca', 'Funk', 'Pop']",2016-05-01,12
Mc Biju,https://www.vagalume.com.br/mc-biju/images/mc-biju.jpg,"['Funk Carioca', 'Funk', 'Electronica']",2006-08-01,12
Malha Funk,https://www.vagalume.com.br/malha-funk/images/malha-funk.jpg,"['Funk Carioca', 'Funk', 'Dance']",2003-08-01,12
As Danadinhas,https://www.vagalume.com.br/as-danadinhas/images/as-danadinhas.jpg,"['Funk Carioca', 'Funk', 'Axé']",2006-01-01,12
MC Rael Souza,https://www.vagalume.com.br/mc-rael-souza/images/mc-rael-souza.jpg,"['Funk Carioca', 'Hip Hop', 'Rap']",2016-09-01,12
DJ Thiago,https://www.vagalume.com.br/dj-thiago/images/dj-thiago.jpg,"['Funk Carioca', 'Electronica', 'Funk']",2004-11-01,12
Os Avassaladores,https://www.vagalume.com.br/os-avassaladores/images/os-avassaladores.jpg,"['Funk Carioca', 'Funk', 'Sertanejo']",2010-06-01,11
MC Babi,https://www.vagalume.com.br/mc-babi/images/mc-babi.jpg,"['Funk Carioca', 'Dance', 'Hip Hop']",2007-02-01,11
Mc Vitinho,https://www.vagalume.com.br/mc-vitinho/images/mc-vitinho.jpg,"['Funk Carioca', 'Axé', 'Sertanejo']",2006-10-01,11
Mc Diguinho,https://www.vagalume.com.br/mc-diguinho/images/mc-diguinho.jpg,"['Funk Carioca', 'Axé', 'Sertanejo']",2011-05-01,11
Mulher Gato,https://www.vagalume.com.br/mulher-gato/images/mulher-gato.jpg,['Funk Carioca'],2009-02-01,11
Mulher Melancia,https://www.vagalume.com.br/mulher-melancia/images/mulher-melancia.jpg,"['Funk Carioca', 'Electronica', 'Dance']",2008-05-01,11
Mc Keke,https://www.vagalume.com.br/mc-keke/images/mc-keke.jpg,"['Funk Carioca', 'Funk', 'Pagode']",2008-05-01,11
Mc Godô,https://www.vagalume.com.br/mc-godo/images/mc-godo.jpg,"['Funk Carioca', 'Funk', 'Axé']",2008-05-01,11
Valesca Popozuda,https://www.vagalume.com.br/valesca-popozuda/images/valesca-popozuda.jpg,"['Funk Carioca', 'Funk', 'Pop']",2014-01-01,11
Formiga DJ,https://www.vagalume.com.br/formiga-dj/images/formiga-dj.jpg,"['Funk Carioca', 'Electronica', 'Rap']",2014-12-01,10
Mc Lany,https://www.vagalume.com.br/mc-lany/images/mc-lany.jpg,"['Funk Carioca', 'Funk', 'Pagode']",2008-02-01,10
Mc Yuri BH,https://www.vagalume.com.br/mc-yuri-bh/images/mc-yuri-bh.jpg,"['Funk Carioca', 'Funk', 'Hip Hop']",2009-08-01,10
Mc Dodô,https://www.vagalume.com.br/mc-dodo/images/mc-dodo.jpg,"['Funk Carioca', 'Rap', 'Electronica']",2007-11-01,10
Mc Nobruh,https://www.vagalume.com.br/mc-nobruh-equipamento-da-oakley-2/images/mc-nobruh-equipamento-da-oakley-2.jpg,"['Funk Carioca', 'Funk', 'Romântico']",2010-06-01,10
Bonde Dos Perversos,https://www.vagalume.com.br/bonde-dos-perversos/images/bonde-dos-perversos.jpg,['Funk Carioca'],2006-08-01,10
Mc Suzy,https://www.vagalume.com.br/mc-suzy/images/mc-suzy.jpg,"['Funk Carioca', 'Axé', 'Pagode']",2008-06-01,10
Deize Tigrona,https://www.vagalume.com.br/deize-tigrona/images/deize-tigrona.jpg,['Funk Carioca'],2005-12-01,9
"Mc Arthur, o Sheik",https://www.vagalume.com.br/mc-arthur-o-sheik/images/mc-arthur-o-sheik.jpg,['Funk Carioca'],2015-11-01,9
Mc BNN,https://www.vagalume.com.br/mc-bnn/images/mc-bnn.jpg,['Funk Carioca'],2018-02-01,9
Mc Zoi de Gato,https://www.vagalume.com.br/mc-zoi-de-gato/images/mc-zoi-de-gato.jpg,"['Funk Carioca', 'Pagode', 'Hip Hop']",2008-12-01,9
Mc Copinho,https://www.vagalume.com.br/mc-copinho/images/mc-copinho.jpg,"['Funk Carioca', 'Clássico', 'Rap']",2008-04-01,9
Mc Hudson 22,https://www.vagalume.com.br/mc-hudson-22/images/mc-hudson-22.jpg,"['Funk Carioca', 'Axé', 'Funk']",2011-04-01,9
MC Rihanna da Baixada,https://www.vagalume.com.br/mc-rihanna-da-baixada/images/mc-rihanna-da-baixada.jpg,"['Pop', 'Funk Carioca', 'Pop/Punk']",2015-10-01,9
Justiceiras do Funk,https://www.vagalume.com.br/justiceiras-do-funk/images/justiceiras-do-funk.jpg,['Funk Carioca'],2012-02-01,9
Mc Vine,https://www.vagalume.com.br/mc-vine/images/mc-vine.jpg,"['Funk Carioca', 'Rap', 'Funk']",2008-08-01,9
Os Bad Boys (Funk),https://www.vagalume.com.br/os-bad-boys-funk/images/os-bad-boys-funk.jpg,['Funk Carioca'],2014-11-01,9
Verônica Costa,https://www.vagalume.com.br/veronica-costa/images/veronica-costa.jpg,['Funk Carioca'],2005-02-01,8
Mc Robinho de Prata,https://www.vagalume.com.br/mc-robinho-de-prata/images/mc-robinho-de-prata.jpg,"['Funk Carioca', 'Funk', 'Electronica']",2007-03-01,8
Negão do Arizona,https://www.vagalume.com.br/negao-do-arizona/images/negao-do-arizona.jpg,['Funk Carioca'],2017-02-01,8
Gepê MC,https://www.vagalume.com.br/gepe-mc/images/gepe-mc.jpg,['Funk Carioca'],2013-06-01,8
Chiquinho e Amaral,https://www.vagalume.com.br/chiquinho-e-amaral/images/chiquinho-e-amaral.jpg,"['Funk Carioca', 'Funk']",2008-09-01,8
MC's Vinicius e Andinho,https://www.vagalume.com.br/vinicius-e-andinho/images/vinicius-e-andinho.jpg,"['Funk Carioca', 'Romântico', 'Funk']",2004-07-01,8
Mc Bolado do Recife,https://www.vagalume.com.br/mc-bolado-do-recife/images/mc-bolado-do-recife.jpg,['Funk Carioca'],2018-05-01,8
McViktor,https://www.vagalume.com.br/mcviktor/images/mcviktor.jpg,['Funk Carioca'],2014-10-01,8
MC Japa e MC Japinha,https://www.vagalume.com.br/mc-japa-e-mc-japinha/images/mc-japa-e-mc-japinha.jpg,['Funk Carioca'],2017-11-01,7
Mc Joãozinho VT,https://www.vagalume.com.br/mc-joaozinho-vt/images/mc-joaozinho-vt.jpg,['Funk Carioca'],2009-03-01,7
Mc Jenny,https://www.vagalume.com.br/mc-jenny/images/mc-jenny.jpg,"['Funk Carioca', 'Axé', 'Punk Rock']",2009-04-01,7
Sharon (Axé Moi),https://www.vagalume.com.br/sharon-axe-moi/images/sharon-axe-moi.jpg,"['Funk Carioca', 'Axé', 'Funk']",2008-04-01,7
Os Polêmicos,https://www.vagalume.com.br/grupo-os-polemicos/images/grupo-os-polemicos.jpg,"['Funk Carioca', 'Funk']",2013-01-01,7
Jhowzinho e Kadinho,https://www.vagalume.com.br/jhowzinho-e-kadinho/images/jhowzinho-e-kadinho.jpg,['Funk Carioca'],2017-09-01,7
Mc Rael,https://www.vagalume.com.br/mc-rael/images/mc-rael.jpg,"['Funk Carioca', 'Rap', 'Rock']",2008-03-01,7
Mc's Samuka e Nego,https://www.vagalume.com.br/mcs-samuka-e-nego/images/mcs-samuka-e-nego.jpg,"['Funk Carioca', 'Funk', 'Dance']",2012-02-01,7
Rafael Vidalles,https://www.vagalume.com.br/rafael-vidalles/images/rafael-vidalles.jpg,"['Pop', 'Funk Carioca']",2017-03-01,7
Os Cretinos,https://www.vagalume.com.br/os-cretinos/images/os-cretinos.jpg,['Funk Carioca'],2008-11-01,6
Mulher Melão,https://www.vagalume.com.br/mc-frank-e-mulher-melao/images/mc-frank-e-mulher-melao.jpg,"['Funk Carioca', 'Dance', 'Funk']",2008-07-01,6
Renatinho e Alemão,https://www.vagalume.com.br/renatinho-e-alemao/images/renatinho-e-alemao.jpg,"['Funk Carioca', 'Rap', 'Hip Hop']",2006-05-01,6
MC Delley,https://www.vagalume.com.br/mc-delley/images/mc-delley.jpg,['Funk Carioca'],2015-06-01,6
MC J15,https://www.vagalume.com.br/mc-j15/images/mc-j15.jpg,"['Funk Carioca', 'Funk']",2014-10-01,6
Mc Vitêra,https://www.vagalume.com.br/mc-vitera/images/mc-vitera.jpg,"['Dance', 'Funk Carioca']",2017-10-01,6
Mc Mágico,https://www.vagalume.com.br/mc-magico/images/mc-magico.jpg,"['Funk Carioca', 'Pagode', 'Hip Hop']",2008-10-01,6
Mc Dodo 013,https://www.vagalume.com.br/mc-dodo-013/images/mc-dodo-013.jpg,"['Gospel/Religioso', 'Funk Carioca']",2015-02-01,6
Mc Princesa e Plebeu,https://www.vagalume.com.br/mc-princesa-e-plebeu/images/mc-princesa-e-plebeu.jpg,"['Funk Carioca', 'Funk', 'Axé']",2006-06-01,6
Backdi e Bio G3,https://www.vagalume.com.br/backdi-e-bio-g3/images/backdi-e-bio-g3.jpg,"['Funk Carioca', 'Funk', 'MPB']",2009-06-01,5
Mc Bruninho,https://www.vagalume.com.br/mc-bruninho/images/mc-bruninho.jpg,['Funk Carioca'],2007-11-01,5
Mc Coringa,https://www.vagalume.com.br/mc-coringa/images/mc-coringa.jpg,['Funk Carioca'],2008-03-01,5
MC Biro Leyby,https://www.vagalume.com.br/mc-biruleibe/images/mc-biruleibe.jpg,"['Funk Carioca', 'Funk']",2006-04-01,5
Bonde Das Gramadas,https://www.vagalume.com.br/bonde-das-gramadas/images/bonde-das-gramadas.jpg,"['Funk Carioca', 'Forró']",2008-06-01,5
Leo Sannttos,https://www.vagalume.com.br/leo-sannttos/images/leo-sannttos.jpg,['Funk Carioca'],2014-07-01,5
Lenny B,https://www.vagalume.com.br/lenny-b/images/lenny-b.jpg,"['House', 'Funk Carioca', 'Pop']",2012-02-01,5
Mc Mallone,https://www.vagalume.com.br/mc-mallone/images/mc-mallone.jpg,['Funk Carioca'],2015-12-01,5
MC Pé de Pano,https://www.vagalume.com.br/mc-pe-de-pano/images/mc-pe-de-pano.jpg,"['Funk Carioca', 'Funk', 'Electronica']",2006-02-01,5
Mc Felype,https://www.vagalume.com.br/mc-felype/images/mc-felype.jpg,"['Funk Carioca', 'Pop/Punk']",2014-10-01,5
Mc Patoroko,https://www.vagalume.com.br/mc-patoroko/images/mc-patoroko.jpg,['Funk Carioca'],2014-02-01,5
Mc God,https://www.vagalume.com.br/mc-god/images/mc-god.jpg,"['Funk Carioca', 'Hip Hop']",2016-11-01,5
MC JG,https://www.vagalume.com.br/mc-jg/images/mc-jg.jpg,['Funk Carioca'],2017-04-01,4
Raphaella,https://www.vagalume.com.br/raphaella/images/raphaella.jpg,"['Funk Carioca', 'Rap', 'Pop']",2016-02-01,4
Mc Patrick MF,https://www.vagalume.com.br/mc-patrick-mf/images/mc-patrick-mf.jpg,"['Funk Carioca', 'Rap', 'Hip Hop']",2016-06-01,4
Mc Menor,https://www.vagalume.com.br/mc-menor/images/mc-menor.jpg,"['Funk Carioca', 'Rap', 'Axé']",2008-12-01,4
Mc Ombrinho,https://www.vagalume.com.br/mc-ombrinho/images/mc-ombrinho.jpg,"['Funk Carioca', 'Electronica', 'Axé']",2007-11-01,4
MC Eller,https://www.vagalume.com.br/mc-eller/images/mc-eller.jpg,['Funk Carioca'],2016-06-01,4
Buchecha & Sabrina,https://www.vagalume.com.br/buchecha-sabrina/images/buchecha-sabrina.jpg,"['Funk Carioca', 'Funk', 'Romântico']",2006-02-01,4
Jherry,https://www.vagalume.com.br/jherry/images/jherry.jpg,"['Funk Carioca', 'Dance', 'Pop']",2016-09-01,4
MC Biel #NPF,https://www.vagalume.com.br/mc-biel-npf/images/mc-biel-npf.jpg,['Funk Carioca'],2013-10-01,4
Mc Angelo,https://www.vagalume.com.br/mc-angelo/images/mc-angelo.jpg,['Funk Carioca'],2015-04-01,4
Allycia,https://www.vagalume.com.br/allycia/images/allycia.jpg,"['Pop', 'Funk Carioca']",2015-12-01,4
MC Leléto,https://www.vagalume.com.br/mc-leleto/images/mc-leleto.jpg,['Funk Carioca'],2017-05-01,4
MC Vareta,https://www.vagalume.com.br/mc-vareta/images/mc-vareta.jpg,"['Funk Carioca', 'Dance']",2014-11-01,4
MC Vitinho (2),https://www.vagalume.com.br/mc-vitinho-2/images/mc-vitinho-2.jpg,['Funk Carioca'],2018-02-01,4
Mc Wendy,https://www.vagalume.com.br/mc-wendy/images/mc-wendy.jpg,['Funk Carioca'],2013-02-01,3
Mc Pack Original,https://www.vagalume.com.br/mc-pack-original/images/mc-pack-original.jpg,['Funk Carioca'],2016-12-01,3
Diogo Martins,https://www.vagalume.com.br/diogo-martins/images/diogo-martins.jpg,"['Funk Carioca', 'MPB', 'Pop']",2016-01-01,3
Gugah,https://www.vagalume.com.br/gugah/images/gugah.jpg,"['Rap', 'Funk Carioca']",2017-12-01,3
Vine Rodry,https://www.vagalume.com.br/vine-rodry/images/vine-rodry.jpg,"['Electronica', 'Funk Carioca', 'Pop']",2017-03-01,3
Mc Bahea,https://www.vagalume.com.br/mc-bahea/images/mc-bahea.jpg,['Funk Carioca'],2016-07-01,3
Mc Renan,https://www.vagalume.com.br/mc-renan/images/mc-renan.jpg,"['Funk Carioca', 'Funk']",2012-01-01,3
MC Serginho da VS,https://www.vagalume.com.br/mc-serginho-da-vs/images/mc-serginho-da-vs.jpg,['Funk Carioca'],2017-08-01,3
MC Bocarra,https://www.vagalume.com.br/mc-bocarra/images/mc-bocarra.jpg,['Funk Carioca'],2015-04-01,3
Mc Tavinho JBK,https://www.vagalume.com.br/mc-tavinho-jbk/images/mc-tavinho-jbk.jpg,['Funk Carioca'],2016-06-01,3
Mc Jennifer,https://www.vagalume.com.br/mc-jennifer/images/mc-jennifer.jpg,"['Funk Carioca', 'Funk']",2009-05-01,3
Mc Tartaruga,https://www.vagalume.com.br/mc-tartaruga/images/mc-tartaruga.jpg,"['Funk Carioca', 'Funk', 'Rap']",2007-10-01,3
FASE4,https://www.vagalume.com.br/fase4/images/fase4.jpg,"['Pop', 'Funk Carioca', 'Black Music']",2014-09-01,2
Mc Etiopia,https://www.vagalume.com.br/mc-etiopia/images/mc-etiopia.jpg,['Funk Carioca'],2017-01-01,2
MC Veni,https://www.vagalume.com.br/mc-veni/images/mc-veni.jpg,['Funk Carioca'],2019-01-01,2
Nanda Lynn,https://www.vagalume.com.br/nanda-lynn/images/nanda-lynn.jpg,"['Pop', 'Funk Carioca']",2014-11-01,2
Mc Gringo,https://www.vagalume.com.br/mc-gringo/images/mc-gringo.jpg,"['Funk Carioca', 'Funk']",2006-03-01,2
Mc Pingo,https://www.vagalume.com.br/mc-pingo/images/mc-pingo.jpg,['Funk Carioca'],2007-10-01,2
Emici Pegada,https://www.vagalume.com.br/emici-pegada/images/emici-pegada.jpg,"['Rap', 'Funk Carioca']",2014-12-01,2
MC Lone,https://www.vagalume.com.br/mc-lone/images/mc-lone.jpg,['Funk Carioca'],2017-02-01,2
MC Falcão,https://www.vagalume.com.br/mc-falcao/images/mc-falcao.jpg,['Funk Carioca'],2014-12-01,2
MC Rojai,https://www.vagalume.com.br/mc-rojai/images/mc-rojai.jpg,['Funk Carioca'],2017-09-01,2
MC Ronny Khalifa,https://www.vagalume.com.br/mc-ronny-khalifa/images/mc-ronny-khalifa.jpg,['Funk Carioca'],2014-12-01,2
Arquiteto do Amor,https://www.vagalume.com.br/arquiteto-do-amor/images/arquiteto-do-amor.jpg,['Funk Carioca'],2016-08-01,2
Mc Uchoa,https://www.vagalume.com.br/mc-uchoa/images/mc-uchoa.jpg,['Funk Carioca'],2014-12-01,2
Mc Tobias,https://www.vagalume.com.br/mc-tobias/images/mc-tobias.jpg,['Funk Carioca'],2015-02-01,2
Antunes,https://www.vagalume.com.br/antunes/images/antunes.jpg,"['Funk Carioca', 'Pop', 'R&B']",2016-08-01,2
Mc Douglinhas,https://www.vagalume.com.br/mc-douglinhas/images/mc-douglinhas.jpg,['Funk Carioca'],2014-10-01,2
Mc Dadinho e Diguinho,https://www.vagalume.com.br/mc-dadinho-e-diguinho/images/mc-dadinho-e-diguinho.jpg,"['Funk Carioca', 'Funk', 'Electronica']",2009-08-01,2
MC Belzinho,https://www.vagalume.com.br/mc-belzinho/images/mc-belzinho.jpg,"['Rap', 'Funk Carioca']",2017-11-01,2
Mc Coringa Louco,https://www.vagalume.com.br/mc-coringa-louco/images/mc-coringa-louco.jpg,"['Hardcore', 'Funk Carioca', 'Rap']",2014-10-01,2
Lucca Venuci,https://www.vagalume.com.br/lucca-venuci/images/lucca-venuci.jpg,"['Funk Carioca', 'Funk']",2014-12-01,2
Lippe,https://www.vagalume.com.br/lippe/images/lippe.jpg,"['Funk Carioca', 'Pop']",2017-09-01,2
MC Menorzinho da DG,https://www.vagalume.com.br/mc-menorzinho-da-dg/images/mc-menorzinho-da-dg.jpg,['Funk Carioca'],2015-02-01,2
MC Mineiro,https://www.vagalume.com.br/mc-mineiro/images/mc-mineiro.jpg,"['Pop', 'Funk Carioca']",2018-05-01,2
MC Lukaz,https://www.vagalume.com.br/mc-lukaz/images/mc-lukaz.jpg,"['Rap', 'Funk Carioca']",2017-11-01,2
MC William-SP,https://www.vagalume.com.br/mc-william-sp/images/mc-william-sp.jpg,['Funk Carioca'],2014-06-01,2
3zi,https://www.vagalume.com.br/3zi/images/3zi.jpg,"['Funk Carioca', 'Pagode', 'Hip Hop']",2015-04-01,2
Mc Jadson Boladão,https://www.vagalume.com.br/mc-jadson-boladao/images/mc-jadson-boladao.jpg,['Funk Carioca'],2016-12-01,1
Mc Islaibe,https://www.vagalume.com.br/mc-islaibe/images/mc-islaibe.jpg,['Funk Carioca'],2018-01-01,1
Mc Lexx,https://www.vagalume.com.br/mc-lexx/images/mc-lexx.jpg,"['Funk Carioca', 'Rap']",2016-10-01,1
Pablo Renato,https://www.vagalume.com.br/pablo-renato/images/pablo-renato.jpg,"['Funk Carioca', 'Gospel/Religioso']",2014-10-01,1
RafaLu Mc's,https://www.vagalume.com.br/rafalu-mcs/images/rafalu-mcs.jpg,['Funk Carioca'],2018-06-01,1
Mc Illana,https://www.vagalume.com.br/mc-illana/images/mc-illana.jpg,"['Funk Carioca', 'Pop']",2016-08-01,1
Androw,https://www.vagalume.com.br/androw/images/androw.jpg,['Funk Carioca'],2008-12-01,1
Mc Karyne da Provi,https://www.vagalume.com.br/mc-karyne-da-provi/images/mc-karyne-da-provi.jpg,['Funk Carioca'],2017-10-01,1
Mc John Marquês,https://www.vagalume.com.br/mc-john-marques/images/mc-john-marques.jpg,['Funk Carioca'],2016-06-01,1
Caroline Miranda,https://www.vagalume.com.br/caroline-miranda/images/caroline-miranda.jpg,"['Funk Carioca', 'Funk', 'Pop']",2008-06-01,1
MC TL,https://www.vagalume.com.br/mc-tl/images/mc-tl.jpg,['Funk Carioca'],2017-04-01,1
Mc Gaah e Mc BP,https://www.vagalume.com.br/mc-gaah-e-mc-bp/images/mc-gaah-e-mc-bp.jpg,['Funk Carioca'],2014-12-01,1
DJ Cris,https://www.vagalume.com.br/dj-cris/images/dj-cris.jpg,['Funk Carioca'],2014-10-01,1
MC Sabãozinho,https://www.vagalume.com.br/mc-sabaozinho/images/mc-sabaozinho.jpg,"['Funk Carioca', 'Funk', 'Axé']",2008-02-01,1
Mc Tom,https://www.vagalume.com.br/mc-tom/images/mc-tom.jpg,['Funk Carioca'],2008-07-01,1
MC PikenaSK,https://www.vagalume.com.br/mc-pikenask/images/mc-pikenask.jpg,['Funk Carioca'],2016-05-01,1
MC MegaRik,https://www.vagalume.com.br/mc-megarik/images/mc-megarik.jpg,['Funk Carioca'],2014-10-01,1
Mc Ale Soares,https://www.vagalume.com.br/mc-ale-soares/images/mc-ale-soares.jpg,"['Funk Carioca', 'Blues']",2016-12-01,1
Mc Zedek,https://www.vagalume.com.br/mc-zedek/images/mc-zedek.jpg,['Funk Carioca'],2017-02-01,1
Mc kill,https://www.vagalume.com.br/mc-kill/images/mc-kill.jpg,['Funk Carioca'],2014-10-01,1
MC Guga da VG,https://www.vagalume.com.br/mc-guga-da-vg/images/mc-guga-da-vg.jpg,"['Funk Carioca', 'Hip Hop', 'Rap']",2014-11-01,1
Mc Sluck,https://www.vagalume.com.br/mc-sluck/images/mc-sluck.jpg,"['Hip Hop', 'Funk Carioca']",2017-03-01,1
Mc Rubby,https://www.vagalume.com.br/mc-rubby/images/mc-rubby.jpg,['Funk Carioca'],2015-02-01,1
Michel Grasiani,https://www.vagalume.com.br/michel-grasiani/images/michel-grasiani.jpg,"['Pop', 'Funk Carioca']",2014-11-01,1
Lady Fortunato,https://www.vagalume.com.br/lady-fortunato/images/lady-fortunato.jpg,['Funk Carioca'],2008-07-01,1
Karinna Spencer,https://www.vagalume.com.br/karinna-spencer/images/karinna-spencer.jpg,['Funk Carioca'],2014-10-01,1
Mc Dan,https://www.vagalume.com.br/mc-dan/images/mc-dan.jpg,['Funk Carioca'],2018-06-01,1
Mc Fabin da VL,https://www.vagalume.com.br/mc-fabin-da-vl/images/mc-fabin-da-vl.jpg,['Funk Carioca'],2016-01-01,1
Fábio Sina,https://www.vagalume.com.br/fabio-sina/images/fabio-sina.jpg,"['R&B', 'Funk Carioca', 'Pop']",2017-11-01,1
Nathy Souto,https://www.vagalume.com.br/nathy-souto/images/nathy-souto.jpg,['Funk Carioca'],2017-10-01,1
Nina Joory,https://www.vagalume.com.br/nina-joory/images/nina-joory.jpg,"['Funk Carioca', 'Dance', 'Pop']",2017-10-01,1
DJ San e Dieguinho G,https://www.vagalume.com.br/dj-san-e-dieguinho-g/images/dj-san-e-dieguinho-g.jpg,['Funk Carioca'],2016-10-01,1
Mike,https://www.vagalume.com.br/mike/images/mike.jpg,"['Funk Carioca', 'Rap', 'Pop']",2016-09-01,1
